{"cameraMode":{"drawMode":0,"name":"Shaded","section":"Shading Mode"},"sceneLighting":true,"audioPlay":false,"sceneViewState":{"showFog":false,"showMaterialUpdate":false,"showSkybox":false,"showFlares":false,"showImageEffects":false,"showParticleSystems":false},"in2DMode":false,"pivot":{"x":12.923307418823243,"y":0.24252364039421082,"z":-9.807405471801758},"rotation":{"x":-0.1500537395477295,"y":-0.8299346566200256,"z":0.26713213324546816,"w":-0.46618974208831789},"size":15.54372501373291,"orthographic":false}