{"cameraMode":{"drawMode":0,"name":"Shaded","section":"Shading Mode"},"sceneLighting":true,"audioPlay":false,"sceneViewState":{"showFog":false,"showMaterialUpdate":false,"showSkybox":false,"showFlares":false,"showImageEffects":false,"showParticleSystems":true},"in2DMode":false,"pivot":{"x":-11.223670959472657,"y":-11.795654296875,"z":-18.017173767089845},"rotation":{"x":0.20819279551506043,"y":-0.7008160948753357,"z":0.2267327457666397,"w":0.6435098648071289},"size":163.6884002685547,"orthographic":false}