{"cameraMode":{"drawMode":0,"name":"Shaded","section":"Shading Mode"},"sceneLighting":true,"audioPlay":false,"sceneViewState":{"showFog":false,"showMaterialUpdate":false,"showSkybox":false,"showFlares":false,"showImageEffects":false,"showParticleSystems":false},"in2DMode":false,"pivot":{"x":10.819999694824219,"y":3.185999870300293,"z":-14.869999885559082},"rotation":{"x":0.1786338984966278,"y":-0.7631533145904541,"z":0.2375849336385727,"w":0.5737947821617127},"size":4.0416579246521,"orthographic":false}