{"cameraMode":{"drawMode":0,"name":"Shaded","section":"Shading Mode"},"sceneLighting":true,"audioPlay":false,"sceneViewState":{"showFog":false,"showMaterialUpdate":false,"showSkybox":false,"showFlares":false,"showImageEffects":false,"showParticleSystems":false},"in2DMode":false,"pivot":{"x":1.547114372253418,"y":-24.796632766723634,"z":0.48333171010017397},"rotation":{"x":0.46823662519454958,"y":-0.056919604539871219,"z":0.030243242159485818,"w":0.8812491297721863},"size":85.76264953613281,"orthographic":false}