{"cameraMode":{"drawMode":0,"name":"Shaded","section":"Shading Mode"},"sceneLighting":true,"audioPlay":false,"sceneViewState":{"showFog":false,"showMaterialUpdate":false,"showSkybox":false,"showFlares":false,"showImageEffects":false,"showParticleSystems":false},"in2DMode":false,"pivot":{"x":10.169061660766602,"y":-5.858767509460449,"z":-4.047776699066162},"rotation":{"x":-0.26425135135650637,"y":-0.18094950914382935,"z":0.050546795129776,"w":-0.9459775686264038},"size":44.70648956298828,"orthographic":false}