{"cameraMode":{"drawMode":0,"name":"Shaded","section":"Shading Mode"},"sceneLighting":false,"audioPlay":false,"sceneViewState":{"showFog":false,"showMaterialUpdate":false,"showSkybox":false,"showFlares":false,"showImageEffects":false,"showParticleSystems":true},"in2DMode":false,"pivot":{"x":0.0821605920791626,"y":0.15651732683181764,"z":0.1116265058517456},"rotation":{"x":-0.1832219362258911,"y":0.5997311472892761,"z":-0.14352522790431977,"w":-0.7656061053276062},"size":16.310144424438478,"orthographic":false}