{"cameraMode":{"drawMode":0,"name":"Shaded","section":"Shading Mode"},"sceneLighting":true,"audioPlay":false,"sceneViewState":{"showFog":false,"showMaterialUpdate":false,"showSkybox":false,"showFlares":false,"showImageEffects":false,"showParticleSystems":false},"in2DMode":false,"pivot":{"x":-26.083194732666017,"y":-12.801563262939454,"z":19.64507484436035},"rotation":{"x":0.19369204342365266,"y":-0.15380406379699708,"z":0.030761441215872766,"w":0.9684428572654724},"size":81.1248550415039,"orthographic":false}