{"cameraMode":{"drawMode":0,"name":"Shaded","section":"Shading Mode"},"sceneLighting":true,"audioPlay":false,"sceneViewState":{"showFog":false,"showMaterialUpdate":false,"showSkybox":false,"showFlares":false,"showImageEffects":false,"showParticleSystems":false},"in2DMode":false,"pivot":{"x":24.257413864135743,"y":-10.345476150512696,"z":20.94472885131836},"rotation":{"x":0.18726316094398499,"y":0.12340769916772843,"z":-0.023720821365714074,"w":0.974238395690918},"size":84.82449340820313,"orthographic":false}