{"cameraMode":{"drawMode":0,"name":"Shaded","section":"Shading Mode"},"sceneLighting":true,"audioPlay":false,"sceneViewState":{"showFog":false,"showMaterialUpdate":false,"showSkybox":false,"showFlares":false,"showImageEffects":false,"showParticleSystems":false},"in2DMode":false,"pivot":{"x":4.30179500579834,"y":-12.639849662780762,"z":0.039765067398548129},"rotation":{"x":0.336724191904068,"y":-0.10981932282447815,"z":0.03957749530673027,"w":0.9343394637107849},"size":69.0949478149414,"orthographic":false}