{"cameraMode":{"drawMode":0,"name":"Shaded","section":"Shading Mode"},"sceneLighting":true,"audioPlay":false,"sceneViewState":{"showFog":false,"showMaterialUpdate":false,"showSkybox":false,"showFlares":false,"showImageEffects":false,"showParticleSystems":false},"in2DMode":false,"pivot":{"x":776.3846435546875,"y":434.5696716308594,"z":2209.174560546875},"rotation":{"x":-0.004499743226915598,"y":-0.004500273615121841,"z":-0.000020190169379930012,"w":0.9999797940254211},"size":3214.594970703125,"orthographic":false}