{"cameraMode":{"drawMode":0,"name":"Shaded","section":"Shading Mode"},"sceneLighting":true,"audioPlay":false,"sceneViewState":{"showFog":false,"showMaterialUpdate":false,"showSkybox":false,"showFlares":false,"showImageEffects":false,"showParticleSystems":false},"in2DMode":false,"pivot":{"x":27.64574432373047,"y":-46.34949493408203,"z":-10.002572059631348},"rotation":{"x":-0.5067952871322632,"y":0.06967160105705261,"z":-0.04114045202732086,"w":-0.858260989189148},"size":127.00917053222656,"orthographic":false}