{"cameraMode":{"drawMode":0,"name":"Shaded","section":"Shading Mode"},"sceneLighting":true,"audioPlay":false,"sceneViewState":{"showFog":false,"showMaterialUpdate":false,"showSkybox":false,"showFlares":false,"showImageEffects":false,"showParticleSystems":false},"in2DMode":false,"pivot":{"x":317.5915832519531,"y":-333.9184875488281,"z":834.4833984375},"rotation":{"x":0.2940816283226013,"y":-0.005734638776630163,"z":0.0017645112238824368,"w":0.9557615518569946},"size":2006.2275390625,"orthographic":false}