{"cameraMode":{"drawMode":0,"name":"Shaded","section":"Shading Mode"},"sceneLighting":false,"audioPlay":false,"sceneViewState":{"showFog":false,"showMaterialUpdate":false,"showSkybox":false,"showFlares":false,"showImageEffects":false,"showParticleSystems":true},"in2DMode":false,"pivot":{"x":0.35890865325927737,"y":2.55599308013916,"z":-0.10538339614868164},"rotation":{"x":-0.028717590495944024,"y":-0.8508242964744568,"z":0.04675605148077011,"w":-0.5225774645805359},"size":45.914337158203128,"orthographic":false}