{"cameraMode":{"drawMode":0,"name":"Shaded","section":"Shading Mode"},"sceneLighting":true,"audioPlay":false,"sceneViewState":{"showFog":false,"showMaterialUpdate":false,"showSkybox":false,"showFlares":false,"showImageEffects":false,"showParticleSystems":false},"in2DMode":false,"pivot":{"x":0.5050534009933472,"y":-8.185540199279786,"z":-15.867908477783204},"rotation":{"x":-0.36980533599853518,"y":0.26858019828796389,"z":-0.11257335543632508,"w":-0.882290244102478},"size":69.8694839477539,"orthographic":false}