{"cameraMode":{"drawMode":0,"name":"Shaded","section":"Shading Mode"},"sceneLighting":true,"audioPlay":false,"sceneViewState":{"showFog":false,"showMaterialUpdate":false,"showSkybox":false,"showFlares":false,"showImageEffects":false,"showParticleSystems":true},"in2DMode":false,"pivot":{"x":3.906970262527466,"y":6.109989166259766,"z":-13.363823890686036},"rotation":{"x":-0.7081595063209534,"y":-0.0031771925278007986,"z":0.0031867411453276874,"w":-0.7060381770133972},"size":31.74005126953125,"orthographic":false}