{"cameraMode":{"drawMode":0,"name":"Shaded","section":"Shading Mode"},"sceneLighting":true,"audioPlay":false,"sceneViewState":{"showFog":false,"showMaterialUpdate":false,"showSkybox":false,"showFlares":false,"showImageEffects":false,"showParticleSystems":false},"in2DMode":false,"pivot":{"x":299.29559326171877,"y":-610.380615234375,"z":171.62698364257813},"rotation":{"x":0.4450110197067261,"y":0.4036237597465515,"z":-0.23508179187774659,"w":0.7640612721443176},"size":780.5230712890625,"orthographic":false}